"n","n1","n2","n3","m1","m2","m3","s1","s2","s3","sk1","sk2","sk3","rdist","correl","par1_1","par2_1","par1_2","par2_2","st","wt","npbtt","wrst","ptt","ptta","ptte","pt","anov","kw","pft","npbft","n_simulations","nboot","conf","cellblock","runcode"
NA,5,3,NA,5,5,NA,1,1,NA,0.8,0.8,NA,NA,NA,NA,NA,NA,NA,0,0.1,0.1,0.1,0.1,NA,NA,NA,NA,NA,NA,NA,10,1000,0.95,"replext_t2_c4.1","20240719144051_meY3D"
NA,5,5,NA,5,5,NA,1,1,NA,NA,NA,NA,NA,NA,NA,NA,NA,NA,0.1,0.1,0.1,0.1,0.1,NA,NA,NA,NA,NA,NA,NA,10,1000,0.95,"replext_t2_c1.1","20240719144111_YRhQN"
NA,3,3,NA,5,5,NA,1,1,NA,NA,NA,NA,NA,NA,NA,NA,NA,NA,0.05,0.036,0.06365503,0,0.036,NA,NA,NA,NA,NA,NA,NA,1000,1000,0.95,"replext_t2_c1.1","20240720142941_ek6Vw"
NA,3,3,NA,5,5,NA,1,1,NA,NA,NA,NA,NA,NA,NA,NA,NA,NA,0.058,0.041,0.06410257,0,0.041,NA,NA,NA,NA,NA,NA,NA,1000,1000,0.95,"replext_t2_c1.1","20240720143444_Bh9x4"
NA,3,3,NA,5,5,NA,1,1,NA,NA,NA,NA,NA,NA,NA,NA,NA,NA,0.044,0.028,0.043196544,0,0.028,NA,NA,NA,NA,NA,NA,NA,1000,1000,0.95,"replext_t2_c1.1","20240720143901_gZYGP"
NA,3,3,NA,5,5,NA,1,1,NA,NA,NA,NA,NA,NA,NA,NA,NA,NA,0.059,0.039,0.054112554,0,0.039,NA,NA,NA,NA,NA,NA,NA,1000,1000,0.95,"replext_t2_c1.1","20240720144317_gxEpu"
NA,3,3,NA,5,5,NA,1,1,NA,NA,NA,NA,NA,NA,NA,NA,NA,NA,0.049,0.034,0.054176074,0,0.034,NA,NA,NA,NA,NA,NA,NA,1000,1000,0.95,"replext_t2_c1.1","20240720145415_GYdxJ"
NA,3,3,NA,5,5,NA,1,1,NA,NA,NA,NA,NA,NA,NA,NA,NA,NA,0.051,0.036,0.06122449,0,0.036,NA,NA,NA,NA,NA,NA,NA,1000,1000,0.95,"replext_t2_c1.1","20240720145803_31vKJ"
NA,3,3,NA,5,5,NA,1,1,NA,NA,NA,NA,NA,NA,NA,NA,NA,NA,0.055,0.036,0.067391306,0,0.036,NA,NA,NA,NA,NA,NA,NA,1000,1000,0.95,"replext_t2_c1.1","20240720150320_SxLDM"
NA,3,3,NA,5,5,NA,1,1,NA,NA,NA,NA,NA,NA,NA,NA,NA,NA,0.043,0.027,0.043196544,0,0.027,NA,NA,NA,NA,NA,NA,NA,1000,1000,0.95,"replext_t2_c1.1","20240720150753_GQ17I"
NA,3,3,NA,5,5,NA,1,1,NA,NA,NA,NA,NA,NA,NA,NA,NA,NA,0.046,0.033,0.04312115,0,0.033,NA,NA,NA,NA,NA,NA,NA,1000,1000,0.95,"replext_t2_c1.1","20240720152113_p6SXx"
NA,3,3,NA,5,5,NA,1,1,NA,NA,NA,NA,NA,NA,NA,NA,NA,NA,0.055,0.036,0.065789476,0,0.036,NA,NA,NA,NA,NA,NA,NA,1000,1000,0.95,"replext_t2_c1.1","20240720152849_zxRNC"
NA,5,5,NA,5,5,NA,1,1,NA,NA,NA,NA,NA,NA,NA,NA,NA,NA,0,0,0,0,0,NA,NA,NA,NA,NA,NA,NA,10,1000,0.95,"replext_t2_c1.1","20240722144808_WAs0U"
NA,5,5,NA,5,5,NA,1,1,NA,NA,NA,NA,NA,NA,NA,NA,NA,NA,0,0,0,0,0,NA,NA,NA,NA,NA,NA,NA,10,1000,0.95,"replext_t2_c1.1","20240722151040_dftGs"
NA,5,5,NA,5,5,NA,1,1,NA,0.8,0.8,NA,NA,NA,NA,NA,NA,NA,0.1,0,0.1,0.1,0,NA,NA,NA,NA,NA,NA,NA,10,1000,0.95,"replext_t2_c2.1","20240722151319_77GXR"
NA,5,5,NA,5,7,NA,1,1,NA,0.8,1,NA,NA,NA,NA,NA,NA,NA,0,0,0.1,0,0,NA,NA,NA,NA,NA,NA,NA,10,1000,0.95,"replext_t3_c3.1","20240722152318_gAND3"
NA,5,5,NA,5,5,NA,1,1,NA,NA,NA,NA,NA,NA,NA,NA,NA,NA,0,0,0,0,0,NA,NA,NA,NA,NA,NA,NA,10,1000,0.95,"replext_t2_c1.1","20240723134427_F26be"
NA,5,5,NA,5,5,NA,1,1,NA,NA,NA,NA,NA,NA,NA,NA,NA,NA,0,0,0,0,0,NA,NA,NA,NA,NA,NA,NA,10,1000,0.95,"replext_t2_c1.1","20240723151524_89ZUt"
NA,5,5,NA,5,5,NA,1,1,NA,NA,NA,NA,NA,NA,NA,NA,NA,NA,0.1,0.1,0.1,0,0.1,NA,NA,NA,NA,NA,NA,NA,10,1000,0.95,"replext_t2_c1.1","20240723151750_twMuv"
NA,5,5,NA,20,20,NA,1,1,NA,NA,NA,NA,NA,NA,NA,NA,NA,NA,0.1,0.1,0.1,0,0.1,NA,NA,NA,NA,NA,NA,NA,10,1000,0.95,"replext_t2_c1.1","20240723151921_GAyWi"
NA,6,6,NA,20,20,NA,1,1,NA,NA,NA,NA,NA,NA,NA,NA,NA,NA,0,0,0,0,0,NA,NA,NA,NA,NA,NA,NA,10,1000,0.95,"replext_t2_c1.1","20240723152003_n9JIc"
NA,5,5,NA,5,5,NA,1,1,NA,NA,NA,NA,NA,NA,NA,NA,NA,NA,0,0,0,0,0,NA,NA,NA,NA,NA,NA,NA,10,1000,0.95,"replext_t2_c1.1","20240723152121_uHHWB"
NA,5,5,NA,5,5,NA,1,1,NA,NA,NA,NA,NA,NA,NA,NA,NA,NA,0,0,0,0,0,NA,NA,NA,NA,NA,NA,NA,10,1000,0.95,"replext_t2_c1.1","20240723152403_5Muhz"
NA,5,5,NA,5,5,NA,1,1,NA,NA,NA,NA,NA,NA,NA,NA,NA,NA,0,0,0,0,0,NA,NA,NA,NA,NA,NA,NA,10,1000,0.95,"replext_t2_c1.1","20240723153244_8BEN0"
NA,10,49,NA,6,1,NA,4.228577,0.3239255,NA,-0.40019253,-0.9247626,NA,NA,NA,NA,NA,NA,NA,1,0.8,0.8,0.9,0.8,NA,NA,NA,NA,NA,NA,NA,10,1000,0.95,"replext_t2_c1.1","20240724140323_9TDG1"
NA,14,14,NA,10,3,NA,1.9892935,3.345443,NA,-0.10334113,-0.45708194,NA,NA,NA,NA,NA,NA,NA,1,1,1,1,1,NA,NA,NA,NA,NA,NA,NA,10,1000,0.95,"replext_t2_c1.1","20240724143751_rRAfz"
NA,21,25,NA,4,4,NA,1.5100557,2.4985554,NA,1.0308938,1.425492,NA,NA,NA,NA,NA,NA,NA,0,0,0,0,0,NA,NA,NA,NA,NA,NA,NA,10,1000,0.95,"replext_t2_c1.1","20240724143903_fnyps"
NA,20,23,NA,7,2,NA,2.913911,0.97699857,NA,0.33870962,-0.1472126,NA,NA,NA,NA,NA,NA,NA,1,1,1,1,1,NA,NA,NA,NA,NA,NA,NA,10,1000,0.95,"replext_t2_c1.1","20240724144328_NpjMj"
NA,28,5,NA,2,7,NA,1.8988073,3.720335,NA,-1.479627,-1.2644354,NA,NA,NA,NA,NA,NA,NA,1,0.5,0.8,0.9,0.5,NA,NA,NA,NA,NA,NA,NA,10,1000,0.95,"replext_t2_c1.1","20240724144608_vAeBS"
NA,32,22,NA,1,1,NA,4.1080775,3.687217,NA,0.078747384,-1.3471823,NA,NA,NA,NA,NA,NA,NA,0,0,0,0,0,NA,NA,NA,NA,NA,NA,NA,10,1000,0.95,"replext_t2_c1.1","20240724144815_JRjT2"
NA,47,16,NA,10,9,NA,4.717555,1.9844201,NA,-1.8584315,0.58672416,NA,NA,NA,NA,NA,NA,NA,0,0.2,0.2,0.2,0.2,NA,NA,NA,NA,NA,NA,NA,10,1000,0.95,"replext_t2_c1.1","20240724145016_w9Dd0"
NA,29,6,NA,8,10,NA,4.0479527,0.07651105,NA,-0.8244649,0.64359564,NA,NA,NA,NA,NA,NA,NA,0.1,0.8,0.8,0.1,0.8,NA,NA,NA,NA,NA,NA,NA,10,1000,0.95,"replext_t2_c1.1","20240724145232_lW0vT"
NA,38,41,NA,8,8,NA,1.3069818,2.3473432,NA,-0.25204387,-0.9217418,NA,NA,NA,NA,NA,NA,NA,0.2,0.2,0.2,0,0.2,NA,NA,NA,NA,NA,NA,NA,10,1000,0.95,"replext_t2_c1.1","20240724145830_Dc849"
NA,25,17,NA,4,3,NA,4.995964,3.7229397,NA,1.0389553,0.77661884,NA,NA,NA,NA,NA,NA,NA,0,0,0.1,0,0,NA,NA,NA,NA,NA,NA,NA,10,1000,0.95,"replext_t2_c1.1","20240724145858_VF3hD"
NA,11,38,NA,8,5,NA,4.056186,1.4848173,NA,-0.042108834,1.2638154,NA,NA,NA,NA,NA,NA,NA,0.9,0.5,0.7,0.6,0.5,NA,NA,NA,NA,NA,NA,NA,10,1000,0.95,"replext_t2_c1.1","20240724145925_DDNTk"
NA,46,13,NA,4,1,NA,1.2684325,1.6874087,NA,-0.32821694,0.59817296,NA,NA,NA,NA,NA,NA,NA,1,1,1,1,1,NA,NA,NA,NA,NA,NA,NA,10,1000,0.95,"replext_t2_c1.1","20240724145953_KOOQT"
NA,18,37,NA,2,6,NA,3.9167533,1.044974,NA,-0.26594454,-1.5043057,NA,NA,NA,NA,NA,NA,NA,0.9,0.7,0.8,0.8,0.7,NA,NA,NA,NA,NA,NA,NA,10,1000,0.95,"replext_t2_c1.1","20240724150020_AWyXb"
NA,33,47,NA,4,8,NA,1.8690016,3.2943232,NA,-0.65936744,0.13360952,NA,NA,NA,NA,NA,NA,NA,1,1,1,1,1,NA,NA,NA,NA,NA,NA,NA,10,1000,0.95,"replext_t2_c1.1","20240725141212_N0cLX"
NA,40,5,NA,10,6,NA,3.0899825,0.15126112,NA,0.17773062,-0.883731,NA,NA,NA,NA,NA,NA,NA,0.9,1,1,1,1,NA,NA,NA,NA,NA,NA,NA,10,1000,0.95,"replext_t2_c1.1","20240725141238_KXsul"
NA,5,47,NA,4,6,NA,3.633676,0.34554312,NA,0.9879146,1.767574,NA,NA,NA,NA,NA,NA,NA,0.8,0.1,0.4,0.5,0.1,NA,NA,NA,NA,NA,NA,NA,10,1000,0.95,"replext_t2_c1.1","20240725141304_KoMn7"
NA,41,43,NA,6,2,NA,0.26735806,4.8775725,NA,0.5807564,-1.8614362,NA,NA,NA,NA,NA,NA,NA,1,1,1,1,1,NA,NA,NA,NA,NA,NA,NA,10,1000,0.95,"replext_t2_c1.1","20240725141331_iUeS6"
NA,50,38,NA,9,2,NA,4.95842,3.6060376,NA,-0.79905087,-0.55459946,NA,NA,NA,NA,NA,NA,NA,1,1,1,1,1,NA,NA,NA,NA,NA,NA,NA,10,1000,0.95,"replext_t2_c1.1","20240725141359_2YqaG"
NA,20,42,NA,7,8,NA,2.830231,3.7572315,NA,0.73605233,1.8759849,NA,NA,NA,NA,NA,NA,NA,0.1,0.1,0.1,0,0.1,NA,NA,NA,NA,NA,NA,NA,10,1000,0.95,"replext_t2_c1.1","20240725141429_iI6YQ"
NA,50,30,NA,1,2,NA,2.6112547,3.1632454,NA,-1.3224674,-1.5560477,NA,NA,NA,NA,NA,NA,NA,0.4,0.3,0.3,0.4,0.3,NA,NA,NA,NA,NA,NA,NA,10,1000,0.95,"replext_t2_c1.1","20240725141456_ZPT5D"
NA,34,49,NA,3,8,NA,0.8801559,1.2211393,NA,0.35644695,-0.35164893,NA,NA,NA,NA,NA,NA,NA,1,1,1,1,1,NA,NA,NA,NA,NA,NA,NA,10,1000,0.95,"replext_t2_c1.1","20240725141522_sDUZj"
NA,10,39,NA,7,4,NA,0.31642142,1.2795521,NA,-0.06168206,-0.31201825,NA,NA,NA,NA,NA,NA,NA,1,1,1,1,1,NA,NA,NA,NA,NA,NA,NA,10,1000,0.95,"replext_t2_c1.1","20240725141548_yNDrx"
NA,39,39,NA,9,4,NA,3.1452553,1.2840776,NA,-0.28255916,0.16238625,NA,NA,NA,NA,NA,NA,NA,1,1,1,1,1,NA,NA,NA,NA,NA,NA,NA,10,1000,0.95,"replext_t2_c1.1","20240725141615_7oUTy"
NA,9,39,NA,5,2,NA,1.0830764,0.9684498,NA,1.6747125,-0.3663241,NA,NA,NA,NA,NA,NA,NA,1,1,1,1,1,NA,NA,NA,NA,NA,NA,NA,10,1000,0.95,"replext_t2_c1.1","20240725141644_aievu"
NA,9,26,NA,10,5,NA,0.50787467,0.48574832,NA,0.8912057,-1.6177908,NA,NA,NA,NA,NA,NA,NA,1,1,1,1,1,NA,NA,NA,NA,NA,NA,NA,10,1000,0.95,"replext_t2_c1.1","20240725141709_mjQcx"
NA,33,40,NA,9,9,NA,3.224783,1.9795597,NA,-1.7081367,0.73772424,NA,NA,NA,NA,NA,NA,NA,0,0,0,0,0,NA,NA,NA,NA,NA,NA,NA,10,1000,0.95,"replext_t2_c1.1","20240725141735_z9ctr"
NA,24,11,NA,8,1,NA,3.8913517,2.0482407,NA,-1.337838,-0.8522482,NA,NA,NA,NA,NA,NA,NA,1,1,1,1,1,NA,NA,NA,NA,NA,NA,NA,10,1000,0.95,"replext_t2_c1.1","20240725141810_M4nXF"
NA,19,26,NA,4,6,NA,4.045771,4.4727135,NA,-0.7680596,1.0145705,NA,NA,NA,NA,NA,NA,NA,0.2,0.2,0.2,0.3,0.2,NA,NA,NA,NA,NA,NA,NA,10,1000,0.95,"replext_t2_c1.1","20240725143826_EySUP"
NA,18,28,NA,1,4,NA,0.8346887,0.0194767,NA,-1.2205245,0.24816024,NA,NA,NA,NA,NA,NA,NA,1,1,1,1,1,NA,NA,NA,NA,NA,NA,NA,10,1000,0.95,"replext_t2_c1.1","20240725143851_IBZda"
NA,24,21,NA,2,9,NA,3.0517478,0.5932136,NA,-0.68732184,1.2307327,NA,NA,NA,NA,NA,NA,NA,1,1,1,1,1,NA,NA,NA,NA,NA,NA,NA,10,1000,0.95,"replext_t2_c1.1","20240725143918_JbVTr"
NA,16,34,NA,2,5,NA,3.8098178,4.667717,NA,-0.8018318,0.40430796,NA,NA,NA,NA,NA,NA,NA,0.6,0.6,0.7,0.7,0.6,NA,NA,NA,NA,NA,NA,NA,10,1000,0.95,"replext_t2_c1.1","20240725143943_hhC6r"
NA,14,11,NA,8,9,NA,1.2160274,3.553833,NA,1.2183317,0.12793443,NA,NA,NA,NA,NA,NA,NA,0,0,0,0.1,0,NA,NA,NA,NA,NA,NA,NA,10,1000,0.95,"replext_t2_c1.1","20240725144008_1fsRz"
NA,31,31,NA,3,7,NA,4.0914907,4.916307,NA,-1.3008821,0.41144195,NA,NA,NA,NA,NA,NA,NA,1,1,1,1,1,NA,NA,NA,NA,NA,NA,NA,10,1000,0.95,"replext_t2_c1.1","20240725144031_jz01w"
NA,6,18,NA,9,4,NA,4.3325024,2.4157286,NA,-1.9499434,0.7666172,NA,NA,NA,NA,NA,NA,NA,0.9,0.6,0.7,0.8,0.6,NA,NA,NA,NA,NA,NA,NA,10,1000,0.95,"replext_t2_c1.1","20240725144056_zzxSD"
NA,11,30,NA,9,3,NA,2.5764513,0.08149253,NA,-1.0345929,1.9768628,NA,NA,NA,NA,NA,NA,NA,1,1,1,1,1,NA,NA,NA,NA,NA,NA,NA,10,1000,0.95,"replext_t2_c1.1","20240725144121_YVb56"
NA,44,35,NA,4,9,NA,0.0051448485,4.5444603,NA,-1.5512375,0.16274142,NA,NA,NA,NA,NA,NA,NA,1,1,1,1,1,NA,NA,NA,NA,NA,NA,NA,10,1000,0.95,"replext_t2_c1.1","20240725144435_CvWGF"
NA,47,50,NA,4,8,NA,0.49218112,1.5709013,NA,0.14031622,1.1831522,NA,NA,NA,NA,NA,NA,NA,1,1,1,1,1,NA,NA,NA,NA,NA,NA,NA,10,1000,0.95,"replext_t2_c1.1","20240725144503_nTQT4"
NA,23,6,NA,10,3,NA,3.5178175,3.8864083,NA,1.2800428,-1.3320478,NA,NA,NA,NA,NA,NA,NA,1,1,1,1,1,NA,NA,NA,NA,NA,NA,NA,10,1000,0.95,"replext_t2_c1.1","20240725145447_4OD0a"
NA,8,19,NA,9,1,NA,3.7948294,0.57065064,NA,1.285796,1.5194765,NA,NA,NA,NA,NA,NA,NA,1,1,1,1,1,NA,NA,NA,NA,NA,NA,NA,10,1000,0.95,"replext_t2_c1.1","20240725145512_NfhVo"
NA,44,14,NA,1,4,NA,4.4506416,2.9758668,NA,1.7176238,-0.85515153,NA,NA,NA,NA,NA,NA,NA,0.7,0.9,0.9,0.9,0.9,NA,NA,NA,NA,NA,NA,NA,10,1000,0.95,"replext_t2_c1.1","20240725145541_soVvz"
NA,6,6,NA,6,2,NA,0.9598264,0.17744789,NA,-0.72309625,-1.9833254,NA,NA,NA,NA,NA,NA,NA,1,1,1,1,1,NA,NA,NA,NA,NA,NA,NA,10,1000,0.95,"replext_t2_c1.1","20240725145606_hekKK"
NA,7,46,NA,4,8,NA,2.337569,1.8288056,NA,0.40867352,0.772825,NA,NA,NA,NA,NA,NA,NA,1,1,1,1,1,NA,NA,NA,NA,NA,NA,NA,10,1000,0.95,"replext_t2_c1.1","20240725145634_3rtiu"
NA,35,43,NA,2,1,NA,0.35051456,1.7840464,NA,-1.9253582,-1.7476829,NA,NA,NA,NA,NA,NA,NA,1,1,1,0.6,1,NA,NA,NA,NA,NA,NA,NA,10,1000,0.95,"replext_t2_c1.1","20240725145701_mZIwX"
NA,45,48,NA,5,8,NA,4.8834887,4.0323,NA,1.9529858,-0.565316,NA,NA,NA,NA,NA,NA,NA,1,0.9,0.9,1,0.9,NA,NA,NA,NA,NA,NA,NA,10,1000,0.95,"replext_t2_c1.1","20240725151144_ZCzpX"
NA,13,24,NA,9,3,NA,4.247548,0.5602667,NA,-1.6810273,-0.7948965,NA,NA,NA,NA,NA,NA,NA,1,0.9,1,1,0.9,NA,NA,NA,NA,NA,NA,NA,10,1000,0.95,"replext_t2_c1.1","20240725151209_tPFfC"
NA,37,50,NA,8,3,NA,2.7110527,1.0728929,NA,0.106312044,-0.71510893,NA,NA,NA,NA,NA,NA,NA,1,1,1,1,1,NA,NA,NA,NA,NA,NA,NA,10,1000,0.95,"replext_t2_c1.1","20240725151458_vVwDs"
NA,26,11,NA,8,1,NA,2.6663249,4.30222,NA,1.1214905,0.6298331,NA,NA,NA,NA,NA,NA,NA,1,1,1,1,1,NA,NA,NA,NA,NA,NA,NA,10,1000,0.95,"replext_t2_c1.1","20240725151523_iUfKH"
NA,15,24,NA,3,4,NA,1.0621184,0.37326828,NA,1.6424987,-1.7928472,NA,NA,NA,NA,NA,NA,NA,1,1,1,1,1,NA,NA,NA,NA,NA,NA,NA,10,1000,0.95,"replext_t2_c1.1","20240726140604_Rf3pQ"
NA,39,40,NA,2,4,NA,2.7273362,2.1286886,NA,1.9664582,-0.5335394,NA,NA,NA,NA,NA,NA,NA,0.9,0.9,0.9,1,0.9,NA,NA,NA,NA,NA,NA,NA,10,1000,0.95,"replext_t2_c1.1","20240726140632_MiDVZ"
NA,26,6,NA,5,1,NA,2.8569746,1.9777995,NA,-0.6348151,0.4911178,NA,NA,NA,NA,NA,NA,NA,0.9,1,1,1,1,NA,NA,NA,NA,NA,NA,NA,10,1000,0.95,"replext_t2_c1.1","20240726140714_GEM2b"
NA,16,10,NA,8,1,NA,3.1933053,1.3207841,NA,0.7626733,0.87929356,NA,NA,NA,NA,NA,NA,NA,1,1,1,1,1,NA,NA,NA,NA,NA,NA,NA,10,1000,0.95,"replext_t2_c1.1","20240726140739_AwP7o"
NA,43,9,NA,9,1,NA,3.4102013,4.7988725,NA,1.9915833,-1.6704454,NA,NA,NA,NA,NA,NA,NA,1,1,1,1,1,NA,NA,NA,NA,NA,NA,NA,10,1000,0.95,"replext_t2_c1.1","20240726140821_BZccn"
NA,24,42,NA,2,6,NA,1.0730699,2.5357933,NA,1.2745603,-0.86309093,NA,NA,NA,NA,NA,NA,NA,1,1,1,1,1,NA,NA,NA,NA,NA,NA,NA,10,1000,0.95,"replext_t2_c1.1","20240726142706_yIoiP"
NA,21,24,NA,7,10,NA,4.2654285,1.4116755,NA,1.5894247,0.33049643,NA,NA,NA,NA,NA,NA,NA,0.8,0.8,0.8,0.9,0.8,NA,NA,NA,NA,NA,NA,NA,10,1000,0.95,"replext_t2_c1.1","20240726142731_jhZKj"
NA,29,45,NA,8,4,NA,4.026976,0.68507475,NA,-0.68649477,1.2328113,NA,NA,NA,NA,NA,NA,NA,1,1,1,1,1,NA,NA,NA,NA,NA,NA,NA,10,1000,0.95,"replext_t2_c1.1","20240726142814_hqUjv"
NA,14,41,NA,4,7,NA,3.9230802,1.3770689,NA,0.49436113,0.6691749,NA,NA,NA,NA,NA,NA,NA,0.9,0.7,0.8,0.8,0.7,NA,NA,NA,NA,NA,NA,NA,10,1000,0.95,"replext_t2_c1.1","20240726142840_iACLP"
NA,8,6,NA,5,10,NA,3.840007,1.239492,NA,0.3675015,1.917392,NA,NA,NA,NA,NA,NA,NA,0.8,0.9,0.9,0.7,0.9,NA,NA,NA,NA,NA,NA,NA,10,1000,0.95,"replext_t2_c1.1","20240726144258_UF6l9"
NA,10,4,NA,7,8,NA,2.319888,3.7405555,NA,-1.953401,0.20645577,NA,NA,NA,NA,NA,NA,NA,0.4,0.2,0.2,0.2,0.2,NA,NA,NA,NA,NA,NA,NA,10,1000,0.95,"replext_t2_c1.1","20240726144323_DP3iT"
NA,10,9,NA,5,10,NA,3.6223977,2.3958025,NA,-0.6127758,1.689497,NA,NA,NA,NA,NA,NA,NA,0.8,0.8,0.8,0.6,0.8,NA,NA,NA,NA,NA,NA,NA,10,1000,0.95,"replext_t2_c1.1","20240726144404_ogTWb"
NA,15,15,NA,8,7,NA,4.0619626,3.7915916,NA,-1.9737369,0.7727299,NA,NA,NA,NA,NA,NA,NA,0.1,0.1,0.2,0.1,0.1,NA,NA,NA,NA,NA,NA,NA,10,1000,0.95,"replext_t2_c1.1","20240726144429_nRnj0"
NA,12,5,NA,6,7,NA,4.7916307,3.592359,NA,-0.09021488,1.1572042,NA,NA,NA,NA,NA,NA,NA,0.1,0.1,0.1,0.2,0.1,NA,NA,NA,NA,NA,NA,NA,10,1000,0.95,"replext_t2_c1.1","20240726144510_Y4tgS"
NA,14,14,NA,6,5,NA,4.8653955,3.666506,NA,-0.15968235,-0.0648362,NA,NA,NA,NA,NA,NA,NA,0,0,0,0,0,NA,NA,NA,NA,NA,NA,NA,10,1000,0.95,"replext_t2_c1.1","20240726144535_rIOUF"
NA,8,10,NA,9,5,NA,3.7386186,4.2792516,NA,0.40833157,-1.6676978,NA,NA,NA,NA,NA,NA,NA,0.3,0.3,0.3,0.4,0.3,NA,NA,NA,NA,NA,NA,NA,10,1000,0.95,"replext_t2_c1.1","20240726144617_Dqnrp"
NA,7,3,NA,7,5,NA,4.092323,2.5170934,NA,1.5657775,1.0077392,NA,NA,NA,NA,NA,NA,NA,0,0,0,0,0,NA,NA,NA,NA,NA,NA,NA,10,1000,0.95,"replext_t2_c1.1","20240726144642_Hg8f6"
NA,13,13,NA,6,7,NA,2.6465955,4.5458755,NA,0.89149815,0.04331677,NA,NA,NA,NA,NA,NA,NA,0.2,0.2,0.2,0.2,0.2,NA,NA,NA,NA,NA,NA,NA,10,1000,0.95,"replext_t2_c1.1","20240726145330_Jao4b"
NA,7,11,NA,6,10,NA,4.3001184,4.551804,NA,-0.58057153,-1.2843521,NA,NA,NA,NA,NA,NA,NA,0.4,0.4,0.4,0.4,0.4,NA,NA,NA,NA,NA,NA,NA,10,1000,0.95,"replext_t2_c1.1","20240726145355_UcwTn"
NA,7,5,NA,7,8,NA,4.9946237,4.5947437,NA,-0.26132384,0.17229033,NA,NA,NA,NA,NA,NA,NA,0.1,0.1,0.1,0.1,0.1,NA,NA,NA,NA,NA,NA,NA,10,1000,0.95,"replext_t2_c1.1","20240726145437_rIwNP"
NA,9,4,NA,7,5,NA,3.329327,1.4405549,NA,1.2261227,1.8848954,NA,NA,NA,NA,NA,NA,NA,0.1,0.2,0.2,0.1,0.2,NA,NA,NA,NA,NA,NA,NA,10,1000,0.95,"replext_t2_c1.1","20240726145502_5TCVW"
NA,5,8,NA,5,5,NA,1.8285342,3.8747547,NA,1.7245389,-0.6899457,NA,NA,NA,NA,NA,NA,NA,0,0,0,0,0,NA,NA,NA,NA,NA,NA,NA,10,1000,0.95,"replext_t2_c1.1","20240726145543_oT0in"
NA,12,11,NA,9,9,NA,1.1660842,3.7155337,NA,-0.030959897,-0.07777612,NA,NA,NA,NA,NA,NA,NA,0,0,0,0,0,NA,NA,NA,NA,NA,NA,NA,10,1000,0.95,"replext_t2_c1.1","20240726145609_Ewi5Y"
NA,10,10,NA,10,10,NA,4.928379,3.9048994,NA,1.4353149,1.0565256,NA,NA,NA,NA,NA,NA,NA,0.1,0.1,0.1,0.1,0.1,NA,NA,NA,NA,NA,NA,NA,10,1000,0.95,"replext_t2_c1.1","20240726145650_BF68O"
NA,7,8,NA,9,9,NA,4.240894,2.037763,NA,-0.7664587,-1.210028,NA,NA,NA,NA,NA,NA,NA,0,0,0,0,0,NA,NA,NA,NA,NA,NA,NA,10,1000,0.95,"replext_t2_c1.1","20240726145715_g1kzR"
NA,14,12,NA,6,10,NA,2.9236612,1.2184298,NA,-0.52074635,1.4920156,NA,NA,NA,NA,NA,NA,NA,1,1,1,1,1,NA,NA,NA,NA,NA,NA,NA,10,1000,0.95,"replext_t2_c1.1","20240726145756_dJGjC"
NA,10,9,NA,7,7,NA,1.2776191,1.4733741,NA,-1.3005441,-1.6212963,NA,NA,NA,NA,NA,NA,NA,0,0,0,0,0,NA,NA,NA,NA,NA,NA,NA,10,1000,0.95,"replext_t2_c1.1","20240726145820_YMFxk"
NA,4,11,NA,5,7,NA,4.144415,3.0441318,NA,1.3313446,-1.9617499,NA,NA,NA,NA,NA,NA,NA,0.3,0.2,0.2,0.3,0.2,NA,NA,NA,NA,NA,NA,NA,10,1000,0.95,"replext_t2_c1.1","20240726145902_hm3rt"
NA,8,5,NA,5,8,NA,4.349069,2.751225,NA,0.9210002,0.7269494,NA,NA,NA,NA,NA,NA,NA,0.2,0.3,0.2,0.2,0.3,NA,NA,NA,NA,NA,NA,NA,10,1000,0.95,"replext_t2_c1.1","20240726145926_VzSOy"
NA,4,7,NA,6,7,NA,3.17812,2.3731844,NA,-0.3719214,-0.94083333,NA,NA,NA,NA,NA,NA,NA,0,0,0,0,0,NA,NA,NA,NA,NA,NA,NA,10,1000,0.95,"replext_t2_c1.1","20240726150008_a3K1f"
NA,3,14,NA,9,5,NA,3.2620685,4.595275,NA,1.6932774,0.32355243,NA,NA,NA,NA,NA,NA,NA,0.3,0.2,0.3,0.3,0.2,NA,NA,NA,NA,NA,NA,NA,10,1000,0.95,"replext_t2_c1.1","20240726150032_vp0As"
NA,5,14,NA,7,7,NA,3.2559385,4.0361414,NA,-1.0930936,0.46710032,NA,NA,NA,NA,NA,NA,NA,0.1,0.2,0.2,0.1,0.2,NA,NA,NA,NA,NA,NA,NA,10,1000,0.95,"replext_t2_c1.1","20240726150114_AtxZ3"
NA,10,6,NA,8,5,NA,4.255127,1.9030867,NA,-0.730861,1.3475183,NA,NA,NA,NA,NA,NA,NA,0.1,0.1,0.2,0.2,0.1,NA,NA,NA,NA,NA,NA,NA,10,1000,0.95,"replext_t2_c1.1","20240726150138_Ap8Sb"
NA,12,5,NA,7,10,NA,2.967333,4.33253,NA,1.9272232,1.7848119,NA,NA,NA,NA,NA,NA,NA,0.3,0.3,0.3,0.4,0.3,NA,NA,NA,NA,NA,NA,NA,10,1000,0.95,"replext_t2_c1.1","20240726150220_dpxSS"
NA,7,9,NA,5,8,NA,3.943967,4.9391794,NA,-0.72700727,-1.5421883,NA,NA,NA,NA,NA,NA,NA,0,0,0,0,0,NA,NA,NA,NA,NA,NA,NA,10,1000,0.95,"replext_t2_c1.1","20240726150244_H0Vk2"
NA,12,13,NA,5,8,NA,1.2258375,4.4014373,NA,-0.015154829,-0.4415208,NA,NA,NA,NA,NA,NA,NA,0.4,0.4,0.5,0.3,0.4,NA,NA,NA,NA,NA,NA,NA,10,1000,0.95,"replext_t2_c1.1","20240726150325_U9zzw"
NA,12,10,NA,9,5,NA,1.8515688,4.1359715,NA,1.8577787,1.258493,NA,NA,NA,NA,NA,NA,NA,0.6,0.6,0.6,0.7,0.6,NA,NA,NA,NA,NA,NA,NA,10,1000,0.95,"replext_t2_c1.1","20240726150350_SRmn5"
NA,11,10,NA,7,5,NA,2.1587732,4.640379,NA,1.5368034,1.7492003,NA,NA,NA,NA,NA,NA,NA,0.2,0.2,0.2,0.2,0.2,NA,NA,NA,NA,NA,NA,NA,10,1000,0.95,"replext_t2_c1.1","20240726151146_zegmM"
NA,13,3,NA,8,6,NA,4.1651454,1.0420814,NA,0.23396665,0.53482825,NA,NA,NA,NA,NA,NA,NA,0,0.2,0.2,0,0.2,NA,NA,NA,NA,NA,NA,NA,10,1000,0.95,"replext_t2_c1.1","20240726151211_O8Bx2"
NA,8,10,NA,8,9,NA,4.0351787,1.3299978,NA,0.49203166,-0.84636796,NA,NA,NA,NA,NA,NA,NA,0,0,0,0,0,NA,NA,NA,NA,NA,NA,NA,10,1000,0.95,"replext_t2_c1.1","20240726151253_6E5sj"
NA,15,3,NA,10,8,NA,4.6965556,4.2406583,NA,-0.36024466,0.020088268,NA,NA,NA,NA,NA,NA,NA,0,0,0,0,0,NA,NA,NA,NA,NA,NA,NA,10,1000,0.95,"replext_t2_c1.1","20240726151318_RlkGt"
NA,4,10,NA,5,9,NA,4.7595825,2.9560623,NA,-0.72924155,0.24640399,NA,NA,NA,NA,NA,NA,NA,0.5,0.3,0.5,0.4,0.3,NA,NA,NA,NA,NA,NA,NA,10,1000,0.95,"replext_t2_c1.1","20240726151400_xLwxK"
NA,3,4,NA,5,7,NA,3.1959805,2.0511944,NA,1.4333487,0.19945388,NA,NA,NA,NA,NA,NA,NA,0.2,0.1,0.2,0,0.1,NA,NA,NA,NA,NA,NA,NA,10,1000,0.95,"replext_t2_c1.1","20240726151423_cSFOG"
NA,7,13,NA,10,10,NA,4.2271466,1.7525768,NA,0.65553826,-0.7394062,NA,NA,NA,NA,NA,NA,NA,0.1,0,0,0.1,0,NA,NA,NA,NA,NA,NA,NA,10,1000,0.95,"replext_t2_c1.1","20240726151506_gnVrD"
NA,8,9,NA,9,7,NA,2.8620267,1.7781425,NA,1.6122167,-1.0645199,NA,NA,NA,NA,NA,NA,NA,0.6,0.5,0.6,0.4,0.5,NA,NA,NA,NA,NA,NA,NA,10,1000,0.95,"replext_t2_c1.1","20240726151531_vEnNM"
NA,15,14,NA,10,6,NA,1.5917372,4.3974667,NA,-0.5807296,-1.3120247,NA,NA,NA,NA,NA,NA,NA,0.9,0.8,0.9,0.8,0.8,NA,NA,NA,NA,NA,NA,NA,10,1000,0.95,"replext_t2_c1.1","20240726151613_06E3X"
NA,6,15,NA,5,6,NA,1.1342769,2.1297812,NA,-1.630732,0.9524893,NA,NA,NA,NA,NA,NA,NA,0.2,0.3,0.3,0.2,0.3,NA,NA,NA,NA,NA,NA,NA,10,1000,0.95,"replext_t2_c1.1","20240726151637_2V5wE"
NA,15,14,NA,9,10,NA,2.2394364,1.9991386,NA,1.5580527,-0.14429156,NA,NA,NA,NA,NA,NA,NA,0.2,0.2,0.2,0.3,0.2,NA,NA,NA,NA,NA,NA,NA,10,1000,0.95,"replext_t2_c1.1","20240726151719_KoDkq"
NA,5,13,NA,6,6,NA,1.757766,3.787973,NA,-0.8413087,0.22637437,NA,NA,NA,NA,NA,NA,NA,0.1,0.1,0.1,0.1,0.1,NA,NA,NA,NA,NA,NA,NA,10,1000,0.95,"replext_t2_c1.1","20240726151743_q0y6m"
NA,15,14,NA,8,5,NA,4.3841953,1.7836623,NA,1.8101557,0.9282,NA,NA,NA,NA,NA,NA,NA,0.6,0.6,0.6,0.6,0.6,NA,NA,NA,NA,NA,NA,NA,10,1000,0.95,"replext_t2_c1.1","20240726151825_mTXEi"
NA,6,11,NA,10,9,NA,4.0868764,4.523715,NA,0.4921225,1.8310931,NA,NA,NA,NA,NA,NA,NA,0.2,0.2,0.2,0.1,0.2,NA,NA,NA,NA,NA,NA,NA,10,1000,0.95,"replext_t2_c1.1","20240726151851_RTM7k"
NA,14,10,NA,10,10,NA,2.6844587,2.822618,NA,1.1136571,1.0942299,NA,NA,NA,NA,NA,NA,NA,0,0,0,0,0,NA,NA,NA,NA,NA,NA,NA,10,1000,0.95,"replext_t2_c1.1","20240726151933_3Nakh"
NA,11,12,NA,8,9,NA,1.6962142,3.5177383,NA,-0.76282865,-0.9085633,NA,NA,NA,NA,NA,NA,NA,0,0,0,0,0,NA,NA,NA,NA,NA,NA,NA,10,1000,0.95,"replext_t2_c1.1","20240726151959_vh1wR"
NA,10,15,NA,9,8,NA,2.6399307,2.0031168,NA,1.4209051,1.7782958,NA,NA,NA,NA,NA,NA,NA,0.1,0,0.1,0,0,NA,NA,NA,NA,NA,NA,NA,10,1000,0.95,"replext_t2_c1.1","20240726152040_BKCCO"
NA,8,13,NA,9,9,NA,2.7824466,4.9102926,NA,0.3627643,0.3236661,NA,NA,NA,NA,NA,NA,NA,0,0,0,0,0,NA,NA,NA,NA,NA,NA,NA,10,1000,0.95,"replext_t2_c1.1","20240726152105_hHDCu"
NA,8,7,NA,8,7,NA,3.3929276,1.7983974,NA,1.7864708,-1.9785844,NA,NA,NA,NA,NA,NA,NA,0,0,0,0,0,NA,NA,NA,NA,NA,NA,NA,10,1000,0.95,"replext_t2_c1.1","20240726152147_v3Gu6"
NA,7,7,NA,6,6,NA,3.2997856,1.6484301,NA,1.4560317,0.3982837,NA,NA,NA,NA,NA,NA,NA,0,0,0.1,0,0,NA,NA,NA,NA,NA,NA,NA,10,1000,0.95,"replext_t2_c1.1","20240726152211_TGyQS"
NA,6,6,NA,9,7,NA,4.461192,1.120058,NA,-0.04207225,0.6838154,NA,NA,NA,NA,NA,NA,NA,0,0,0.1,0,0,NA,NA,NA,NA,NA,NA,NA,10,1000,0.95,"replext_t2_c1.1","20240726152343_t3eD7"
NA,13,14,NA,5,10,NA,1.7409989,4.641651,NA,0.7022146,-1.7807764,NA,NA,NA,NA,NA,NA,NA,1,1,1,1,1,NA,NA,NA,NA,NA,NA,NA,10,1000,0.95,"replext_t2_c1.1","20240726152408_FNBaf"
NA,14,8,NA,6,6,NA,1.9250325,2.1469295,NA,0.040486764,-1.7152601,NA,NA,NA,NA,NA,NA,NA,0.3,0.3,0.3,0.2,0.3,NA,NA,NA,NA,NA,NA,NA,10,1000,0.95,"replext_t2_c1.1","20240726152450_Dr7CI"
NA,10,7,NA,10,7,NA,3.7313824,4.17585,NA,0.38726762,1.5307921,NA,NA,NA,NA,NA,NA,NA,0.3,0.3,0.3,0.4,0.3,NA,NA,NA,NA,NA,NA,NA,10,1000,0.95,"replext_t2_c1.1","20240726152514_Ex8PO"
NA,4,6,NA,5,7,NA,2.8792877,3.1536777,NA,-1.645556,-0.077464156,NA,NA,NA,NA,NA,NA,NA,0,0,0,0,0,NA,NA,NA,NA,NA,NA,NA,10,1000,0.95,"replext_t2_c1.1","20240726152557_SY8bT"
NA,7,12,NA,9,9,NA,4.1346855,1.9413959,NA,0.5297281,-1.6221945,NA,NA,NA,NA,NA,NA,NA,0,0,0,0,0,NA,NA,NA,NA,NA,NA,NA,10,1000,0.95,"replext_t2_c1.1","20240726152621_enVQK"
NA,8,15,NA,6,6,NA,1.3123202,4.4596524,NA,-1.5869586,-0.4189021,NA,NA,NA,NA,NA,NA,NA,0,0,0,0,0,NA,NA,NA,NA,NA,NA,NA,10,1000,0.95,"replext_t2_c1.1","20240726152820_W4SsX"
NA,3,14,NA,6,6,NA,3.3986106,2.2969446,NA,-1.1325277,1.5283935,NA,NA,NA,NA,NA,NA,NA,0.1,0.2,0.2,0.1,0.2,NA,NA,NA,NA,NA,NA,NA,10,1000,0.95,"replext_t2_c1.1","20240726152845_cg7v5"
NA,12,6,NA,7,8,NA,3.774519,4.587172,NA,1.7547982,-1.0382446,NA,NA,NA,NA,NA,NA,NA,0,0,0,0.1,0,NA,NA,NA,NA,NA,NA,NA,10,1000,0.95,"replext_t2_c1.1","20240726152926_8b9uE"
NA,14,12,NA,5,9,NA,4.4620533,1.6852309,NA,-1.1831948,-1.12926,NA,NA,NA,NA,NA,NA,NA,0.8,0.8,0.8,0.7,0.8,NA,NA,NA,NA,NA,NA,NA,10,1000,0.95,"replext_t2_c1.1","20240726152951_uhrnt"
NA,6,14,NA,6,7,NA,1.7926759,2.1548705,NA,0.26145625,1.0170593,NA,NA,NA,NA,NA,NA,NA,0.1,0.1,0.1,0,0.1,NA,NA,NA,NA,NA,NA,NA,10,1000,0.95,"replext_t2_c1.1","20240726153032_llX3A"
NA,8,14,NA,7,6,NA,4.855134,2.812345,NA,0.007335038,1.4675628,NA,NA,NA,NA,NA,NA,NA,0.3,0.4,0.3,0.4,0.4,NA,NA,NA,NA,NA,NA,NA,10,1000,0.95,"replext_t2_c1.1","20240726153057_oZiOm"
NA,7,10,NA,6,8,NA,1.156858,2.8341432,NA,-1.585652,-1.0743245,NA,NA,NA,NA,NA,NA,NA,0.4,0.5,0.5,0.3,0.5,NA,NA,NA,NA,NA,NA,NA,10,1000,0.95,"replext_t2_c1.1","20240726153138_dVoXj"
NA,7,4,NA,5,7,NA,4.3589725,4.239399,NA,-1.0702697,-1.3317128,NA,NA,NA,NA,NA,NA,NA,0.1,0.1,0.1,0.1,0.1,NA,NA,NA,NA,NA,NA,NA,10,1000,0.95,"replext_t2_c1.1","20240726153203_ZZMIW"
NA,5,15,NA,8,5,NA,1.2417121,4.1193204,NA,-0.6153141,-0.38008404,NA,NA,NA,NA,NA,NA,NA,0.1,0.6,0.6,0.1,0.6,NA,NA,NA,NA,NA,NA,NA,10,1000,0.95,"replext_t2_c1.1","20240726153245_g0Slt"
NA,12,6,NA,6,8,NA,2.0939658,1.1976794,NA,-1.39495,0.29844177,NA,NA,NA,NA,NA,NA,NA,0.4,0.6,0.6,0.5,0.6,NA,NA,NA,NA,NA,NA,NA,10,1000,0.95,"replext_t2_c1.1","20240726153309_4oEGm"
NA,3,3,NA,7,10,NA,3.7439296,3.0894737,NA,0.65353817,0.4434093,NA,NA,NA,NA,NA,NA,NA,0.2,0.2,0.25,0,0.2,NA,NA,NA,NA,NA,NA,NA,10,1000,0.95,"replext_t2_c1.1","20240726153349_sttk3"
NA,12,11,NA,8,7,NA,2.1372633,4.040578,NA,-1.2397602,1.6943369,NA,NA,NA,NA,NA,NA,NA,0.1,0.1,0.1,0.1,0.1,NA,NA,NA,NA,NA,NA,NA,10,1000,0.95,"replext_t2_c1.1","20240726153414_ymxXZ"
NA,4,6,NA,7,5,NA,2.317187,3.4020882,NA,0.38475612,-0.13714148,NA,NA,NA,NA,NA,NA,NA,0.4,0.5,0.5,0.4,0.5,NA,NA,NA,NA,NA,NA,NA,10,1000,0.95,"replext_t2_c1.1","20240726153457_edw7G"
NA,9,5,NA,5,5,NA,3.412093,3.1758356,NA,-1.4526097,0.33641684,NA,NA,NA,NA,NA,NA,NA,0.1,0,0,0,0,NA,NA,NA,NA,NA,NA,NA,10,1000,0.95,"replext_t2_c1.1","20240726153613_k1mf2"
NA,4,12,NA,8,10,NA,1.9921176,1.2518376,NA,-1.8418541,1.8870015,NA,NA,NA,NA,NA,NA,NA,0.8,0.6,0.7,0.7,0.6,NA,NA,NA,NA,NA,NA,NA,10,1000,0.95,"replext_t2_c1.1","20240726153638_BzYp8"
NA,12,9,NA,5,5,NA,4.6763825,4.438927,NA,0.05685161,-1.5655116,NA,NA,NA,NA,NA,NA,NA,0.1,0.1,0.1,0.1,0.1,NA,NA,NA,NA,NA,NA,NA,10,1000,0.95,"replext_t2_c1.1","20240726153720_iJ1qb"
NA,6,10,NA,10,7,NA,2.7789187,4.280009,NA,-0.050665453,-0.28553927,NA,NA,NA,NA,NA,NA,NA,0.2,0.2,0.2,0.1,0.2,NA,NA,NA,NA,NA,NA,NA,10,1000,0.95,"replext_t2_c1.1","20240726153745_gmjvl"
NA,8,9,NA,8,5,NA,1.6500751,4.927761,NA,-0.42108795,1.0018569,NA,NA,NA,NA,NA,NA,NA,0.1,0.1,0.2,0.2,0.1,NA,NA,NA,NA,NA,NA,NA,10,1000,0.95,"replext_t2_c1.1","20240726153826_TZUUA"
NA,13,11,NA,8,10,NA,3.1803262,3.9263816,NA,0.8202705,-0.712683,NA,NA,NA,NA,NA,NA,NA,0.6,0.6,0.6,0.6,0.6,NA,NA,NA,NA,NA,NA,NA,10,1000,0.95,"replext_t2_c1.1","20240726153851_ZAXNJ"
NA,14,14,NA,6,8,NA,1.9216131,3.784018,NA,-1.5381216,-0.26869404,NA,NA,NA,NA,NA,NA,NA,0.5,0.5,0.5,0.2,0.5,NA,NA,NA,NA,NA,NA,NA,10,1000,0.95,"replext_t2_c1.1","20240726153932_b0Z9g"
NA,14,9,NA,6,5,NA,1.5413861,1.1407262,NA,0.4927609,-0.45809606,NA,NA,NA,NA,NA,NA,NA,0.5,0.5,0.5,0.4,0.5,NA,NA,NA,NA,NA,NA,NA,10,1000,0.95,"replext_t2_c1.1","20240726153957_9UPRD"
NA,10,11,NA,7,6,NA,3.9325843,1.4596758,NA,-1.6894401,-0.37790278,NA,NA,NA,NA,NA,NA,NA,0,0,0,0.2,0,NA,NA,NA,NA,NA,NA,NA,10,1000,0.95,"replext_t2_c1.1","20240726154039_WikAU"
NA,10,12,NA,7,8,NA,2.5,3,NA,0.5,-0.5,NA,NA,NA,NA,NA,NA,NA,0.1,0.1,0.1,0.1,0.1,NA,NA,NA,NA,NA,NA,NA,10,1000,0.95,"replext_t2_c1.1","20240727143759_h2aKr"
NA,11,12,NA,6,8,NA,2.5663457,3.0817413,NA,0.48670903,0,NA,NA,NA,NA,NA,NA,NA,NA,NA,NA,NA,NA,NA,NA,NA,NA,NA,NA,NA,10,1000,0.95,"replext_t2_c1.1","20240727143821_C548O"
NA,10,12,NA,7,8,NA,2.659437,2.9943674,NA,0.49207616,0.06903344,NA,NA,NA,NA,NA,NA,NA,0.2,0.1,0.2,0.2,0.1,NA,NA,NA,NA,NA,NA,NA,10,1000,0.95,"replext_t2_c1.1","20240727143842_Hf10m"
NA,10,12,NA,7,8,NA,2.5,3,NA,0.5,-0.5,NA,NA,NA,NA,NA,NA,NA,0,0,0.2,0,0,NA,NA,NA,NA,NA,NA,NA,10,1000,0.95,"replext_t2_c1.1","20240727144609_WFzkA"
NA,11,12,NA,7,8,NA,2.4036937,3.0960765,NA,0.4907673,0,NA,NA,NA,NA,NA,NA,NA,NA,NA,NA,NA,NA,NA,NA,NA,NA,NA,NA,NA,10,1000,0.95,"replext_t2_c1.1","20240727144631_rGsn7"
NA,12,13,NA,6,9,NA,2.30814,2.9989367,NA,0.57233554,0.023157394,NA,NA,NA,NA,NA,NA,NA,0.6,0.6,0.6,0.5,0.6,NA,NA,NA,NA,NA,NA,NA,10,1000,0.95,"replext_t2_c1.1","20240727144716_iXs65"
NA,13,13,NA,7,8,NA,2.346633,3.0623157,NA,0.5004113,0,NA,NA,NA,NA,NA,NA,NA,NA,NA,NA,NA,NA,NA,NA,NA,NA,NA,NA,NA,10,1000,0.95,"replext_t2_c1.1","20240727144738_FsfzI"
NA,15,15,NA,7,9,NA,2.5,3,NA,0.5,-0.5,NA,NA,NA,NA,NA,NA,NA,0.4,0.4,0.4,0.2,0.4,NA,NA,NA,NA,NA,NA,NA,10,1000,0.95,"replext_t2_c1.1","20240727145247_eHPzK"
NA,14,16,NA,8,10,NA,2.5321116,2.9956257,NA,0.59139544,0,NA,NA,NA,NA,NA,NA,NA,NA,NA,NA,NA,NA,NA,NA,NA,NA,NA,NA,NA,10,1000,0.95,"replext_t2_c1.1","20240727145309_75IO1"
NA,13,18,NA,7,7,NA,2.358219,2.6331434,NA,0.4982528,-0.44587365,NA,NA,NA,NA,NA,NA,NA,0.16666667,0.16666667,0.16666667,0.16666667,0.16666667,NA,NA,NA,NA,NA,NA,NA,12,862,0.95,"replext_t2_c1.1","20240727151536_G0wCn"
NA,10,19,NA,8,9,NA,2.2757406,3.0020278,NA,0.5194113,-0.52718794,NA,NA,NA,NA,NA,NA,NA,0,0,0,0,0,NA,NA,NA,NA,NA,NA,NA,11,930,0.95,"replext_t2_c1.1","20240727151603_wcs6p"
NA,9,20,NA,9,11,NA,1.6532304,2.7348762,NA,0.6795267,-0.45280418,NA,NA,NA,NA,NA,NA,NA,0.5,0.6666667,0.6666667,0.5,0.6666667,NA,NA,NA,NA,NA,NA,NA,12,899,0.95,"replext_t2_c1.1","20240727151648_18gFH"
NA,7,17,NA,7,11,NA,1.524888,2.3126392,NA,0.76823133,-0.36577693,NA,NA,NA,NA,NA,NA,NA,1,1,1,1,1,NA,NA,NA,NA,NA,NA,NA,11,1104,0.95,"replext_t2_c1.1","20240727151715_ah4FO"
NA,12,14,NA,5,7,NA,2.8104084,3.2911005,NA,0.48787642,-0.5794242,NA,NA,NA,NA,NA,NA,NA,0.5,0.5,0.5,0.3,0.5,NA,NA,NA,NA,NA,NA,NA,10,1000,0.95,"replext_t2_c1.1","20240727152245_L5gM9"
NA,14,16,NA,5,6,NA,3.0380614,3.7539232,NA,0.45962682,-0.5796646,NA,NA,NA,NA,NA,NA,NA,0.1,0.2,0.1,0,0.2,NA,NA,NA,NA,NA,NA,NA,10,1000,0.95,"replext_t2_c1.1","20240727152312_lSBYN"
NA,11,15,NA,5,7,NA,3.862896,3.9053295,NA,0.39512658,-0.49175927,NA,NA,NA,NA,NA,NA,NA,0.1,0.2,0.2,0.1,0.2,NA,NA,NA,NA,NA,NA,NA,10,1000,0.95,"replext_t2_c1.1","20240727152355_B7WIm"
NA,17,15,NA,6,7,NA,2.6544573,3.3389525,NA,0.5238802,-0.59925276,NA,NA,NA,NA,NA,NA,NA,0,0,0,0,0,NA,NA,NA,NA,NA,NA,NA,10,1000,0.95,"replext_t2_c1.1","20240727153035_KtqYw"
NA,16,14,NA,7,10,NA,2.6351886,3.4304657,NA,0.5400775,-0.41531017,NA,NA,NA,NA,NA,NA,NA,0.8,0.8,0.8,0.6,0.8,NA,NA,NA,NA,NA,NA,NA,10,1000,0.95,"replext_t2_c1.1","20240727153342_41ypu"
NA,15,13,NA,6,12,NA,2.636414,2.967467,NA,0.53424144,-0.37848917,NA,NA,NA,NA,NA,NA,NA,1,1,1,1,1,NA,NA,NA,NA,NA,NA,NA,10,1000,0.95,"replext_t2_c1.1","20240727153408_ZjwFR"
NA,17,18,NA,7,7,NA,2.054906,3.0693753,NA,0.5217482,-0.5377812,NA,NA,NA,NA,NA,NA,NA,0.1,0.1,0.1,0,0.1,NA,NA,NA,NA,NA,NA,NA,10,1000,0.95,"replext_t2_c1.1","20240727155036_s1VUB"
NA,12,14,NA,6,8,NA,2.5514898,3.360754,NA,0.43475524,-0.4420466,NA,NA,NA,NA,NA,NA,NA,0.4,0.4,0.4,0.4,0.4,NA,NA,NA,NA,NA,NA,NA,10,1000,0.95,"replext_t2_c1.1","20240727155102_naR7d"
NA,12,12,NA,9,7,NA,3.199029,3.5045414,NA,0.408779,-0.45355302,NA,NA,NA,NA,NA,NA,NA,0.4,0.4,0.4,0.4,0.4,NA,NA,NA,NA,NA,NA,NA,10,1000,0.95,"replext_t2_c1.1","20240727155145_KDbJj"
NA,11,13,NA,8,7,NA,2.3966374,2.6455073,NA,0.50095004,-0.45964065,NA,NA,NA,NA,NA,NA,NA,0.1,0.1,0.1,0.1,0.1,NA,NA,NA,NA,NA,NA,NA,10,1000,0.95,"replext_t2_c1.1","20240727155212_xYlK7"
NA,8,12,NA,8,4,NA,2.2725825,3.1246316,NA,0.49451855,-0.42344955,NA,NA,NA,NA,NA,NA,NA,0.9,0.9,0.9,0.9,0.9,NA,NA,NA,NA,NA,NA,NA,10,1000,0.95,"replext_t2_c1.1","20240727155255_ODSJ9"
NA,13,17,NA,8,11,NA,2.6244388,3.2693172,NA,0.5501317,-0.58404225,NA,NA,NA,NA,NA,NA,NA,0.5,0.7,0.7,0.5,0.7,NA,NA,NA,NA,NA,NA,NA,10,1000,0.95,"replext_t2_c1.1","20240727155506_HCTeC"
NA,15,12,NA,8,7,NA,2.4516146,3.1046357,NA,0.40139005,-0.5872684,NA,NA,NA,NA,NA,NA,NA,0.2,0.2,0.2,0.5,0.2,NA,NA,NA,NA,NA,NA,NA,10,1000,0.95,"replext_t2_c1.1","20240727155532_XESAA"
NA,12,16,NA,11,6,NA,1.8075427,3.8710594,NA,0.36863568,-0.6248719,NA,NA,NA,NA,NA,NA,NA,1,1,1,1,1,NA,NA,NA,NA,NA,NA,NA,10,1000,0.95,"replext_t2_c1.1","20240727155617_stBQH"
NA,20,11,NA,9,7,NA,2.971936,2.548985,NA,0.41420943,-0.2537165,NA,NA,NA,NA,NA,NA,NA,0.4,0.4,0.4,0.4,0.4,NA,NA,NA,NA,NA,NA,NA,10,1000,0.95,"replext_t2_c1.1","20240728144756_admj8"
NA,16,14,NA,8,10,NA,2.0327108,3.2659874,NA,0.9814808,-0.9170239,NA,NA,NA,NA,NA,NA,NA,0.5,0.4,0.4,0.3,0.4,NA,NA,NA,NA,NA,NA,NA,10,1000,0.95,"replext_t2_c1.1","20240728144823_Cl4OJ"
NA,12,12,NA,5.6,8.6,NA,2.101929,2.9266741,NA,0.4325268,0.08142024,NA,NA,NA,NA,NA,NA,NA,1,1,1,0.9,1,NA,NA,NA,NA,NA,NA,NA,10,1000,0.95,"replext_t2_c1.1","20240728144908_D3Sl4"
NA,20,17,NA,5.6,9.6,NA,2.584402,2.665933,NA,0.16694787,0.093101524,NA,NA,NA,NA,NA,NA,NA,1,1,1,1,1,NA,NA,NA,NA,NA,NA,NA,10,1000,0.95,"replext_t2_c1.1","20240728144937_8IKGi"
NA,15,20,NA,7,11,NA,2.5467727,3.366419,NA,0.5765043,-0.4457462,NA,NA,NA,NA,NA,NA,NA,1,1,1,0.9,1,NA,NA,NA,NA,NA,NA,NA,10,1000,0.95,"replext_t2_c1.1","20240728151010_EIbhO"
NA,15,15,NA,6,11,NA,2.318114,3.1934707,NA,0.323993,-0.32268652,NA,NA,NA,NA,NA,NA,NA,1,1,1,1,1,NA,NA,NA,NA,NA,NA,NA,10,1000,0.95,"replext_t2_c1.1","20240728151157_jHcfq"
NA,17,19,NA,8,7,NA,2.0268862,2.9492443,NA,0.38164225,-0.35282794,NA,NA,NA,NA,NA,NA,NA,0,0,0,0.3,0,NA,NA,NA,NA,NA,NA,NA,10,1000,0.95,"replext_t2_c1.1","20240728151222_JQA0g"
NA,18,18,NA,5,11,NA,2.4076755,2.951698,NA,0.61401844,-0.51575464,NA,NA,NA,NA,NA,NA,NA,1,1,1,1,1,NA,NA,NA,NA,NA,NA,NA,10,1000,0.95,"replext_t2_c1.1","20240728151926_VmWRM"
NA,10,19,NA,5,10,NA,2.716958,3.4077163,NA,0.62352216,-0.32052198,NA,NA,NA,NA,NA,NA,NA,1,1,1,1,1,NA,NA,NA,NA,NA,NA,NA,10,1000,0.95,"replext_t2_c1.1","20240728151951_ybr17"
NA,9,10,NA,8.6,8.6,NA,2.893496,3.1819894,NA,0.29031676,0.06827573,NA,NA,NA,NA,NA,NA,NA,0.1,0.1,0.1,0.2,0.1,NA,NA,NA,NA,NA,NA,NA,10,1000,0.95,"replext_t2_c1.1","20240728152032_SJBgO"
NA,20,12,NA,7.6,7.6,NA,2.2230864,2.7379978,NA,0.64368486,0.06702748,NA,NA,NA,NA,NA,NA,NA,0.1,0.1,0.1,0.2,0.1,NA,NA,NA,NA,NA,NA,NA,10,1000,0.95,"replext_t2_c1.1","20240728152058_YgAWn"
NA,15,12,NA,8,10,NA,2.0257404,2.5427365,NA,0.77180904,-0.5385645,NA,NA,NA,NA,NA,NA,NA,0.5,0.5,0.5,0.4,0.5,NA,NA,NA,NA,NA,NA,NA,10,1000,0.95,"replext_t2_c1.1","20240728153544_g5PA1"
NA,19,12,NA,8,7,NA,2.7048595,2.9429715,NA,0.14823988,-0.9145842,NA,NA,NA,NA,NA,NA,NA,0.2,0.2,0.2,0.2,0.2,NA,NA,NA,NA,NA,NA,NA,10,1000,0.95,"replext_t2_c1.1","20240728153608_D2Opc"
NA,16,20,NA,9.6,7.6,NA,2.6854954,2.614463,NA,0.5380243,0.03504604,NA,NA,NA,NA,NA,NA,NA,0.7,0.6,0.6,0.7,0.6,NA,NA,NA,NA,NA,NA,NA,10,1000,0.95,"replext_t2_c1.1","20240728153651_Qd1Iz"
NA,19,19,NA,5.6,10.6,NA,2.6420102,2.4288583,NA,0.13405935,0.039916474,NA,NA,NA,NA,NA,NA,NA,1,1,1,1,1,NA,NA,NA,NA,NA,NA,NA,10,1000,0.95,"replext_t2_c1.1","20240728153717_Zl6Tt"
NA,19,14,NA,9,7,NA,2.6918473,2.9199107,NA,0.7384833,-0.93269336,NA,NA,NA,NA,NA,NA,NA,0.5,0.4,0.5,0.5,0.4,NA,NA,NA,NA,NA,NA,NA,10,1000,0.95,"replext_t2_c1.1","20240728154620_JybBv"
NA,13,14,NA,7,10,NA,2.963495,3.1485062,NA,0.91352504,-0.5713382,NA,NA,NA,NA,NA,NA,NA,0.6,0.6,0.5,0.4,0.6,NA,NA,NA,NA,NA,NA,NA,10,1000,0.95,"replext_t2_c1.1","20240728154645_T4GUH"
NA,15,9,NA,5.6,6.6,NA,2.2562456,2.962861,NA,0.54589814,0.086686596,NA,NA,NA,NA,NA,NA,NA,0.2,0.1,0.2,0.2,0.1,NA,NA,NA,NA,NA,NA,NA,10,1000,0.95,"replext_t2_c1.1","20240728154722_GakGZ"
NA,10,17,NA,7.6,7.6,NA,2.739701,2.8029418,NA,0.5514731,0.035576016,NA,NA,NA,NA,NA,NA,NA,0,0,0,0,0,NA,NA,NA,NA,NA,NA,NA,10,1000,0.95,"replext_t2_c1.1","20240728154747_pGPqH"
NA,12,13,NA,9,11,NA,2.9020438,3.3349898,NA,0.24044278,-0.89425194,NA,NA,NA,NA,NA,NA,NA,0.4,0.4,0.4,0.2,0.4,NA,NA,NA,NA,NA,NA,NA,10,1000,0.95,"replext_t2_c1.1","20240728155840_sm8tW"
NA,19,15,NA,9,7,NA,2.5514376,2.917679,NA,0.68417966,-0.2919045,NA,NA,NA,NA,NA,NA,NA,0.6,0.6,0.6,0.7,0.6,NA,NA,NA,NA,NA,NA,NA,10,1000,0.95,"replext_t2_c1.1","20240728155905_9ha2Y"
NA,13,21,NA,7.6,9.6,NA,2.2397864,2.9429822,NA,0.4176228,0.0013400206,NA,NA,NA,NA,NA,NA,NA,0.7,0.7,0.7,0.8,0.7,NA,NA,NA,NA,NA,NA,NA,10,1000,0.95,"replext_t2_c1.1","20240728155947_HQxQ3"
NA,10,15,NA,9,11,NA,2.4096088,3.073492,NA,0.08060877,-0.38819265,NA,NA,NA,NA,NA,NA,NA,0.5,0.5,0.5,0.3,0.5,NA,NA,NA,NA,NA,NA,NA,10,1000,0.95,"replext_t2_c1.1","20240728160222_bIwJ6"
NA,14,11,NA,8,7,NA,2.853103,2.5227208,NA,0.42112654,-0.03835063,NA,NA,NA,NA,NA,NA,NA,0.1,0.1,0.1,0.1,0.1,NA,NA,NA,NA,NA,NA,NA,10,1000,0.95,"replext_t2_c1.1","20240728160247_OlftU"
NA,15,18,NA,5.6,10.6,NA,3.0169272,2.9597409,NA,0.9929158,0.027094351,NA,NA,NA,NA,NA,NA,NA,1,1,1,1,1,NA,NA,NA,NA,NA,NA,NA,10,1000,0.95,"replext_t2_c1.1","20240728160329_dMVuz"
NA,16,18,NA,8,10,NA,2.2420282,2.928429,NA,0.031110376,-0.89759284,NA,NA,NA,NA,NA,NA,NA,0.4,0.4,0.4,0.2,0.4,NA,NA,NA,NA,NA,NA,NA,10,1000,0.95,"replext_t2_c1.1","20240729143122_AD5OW"
NA,18,10,NA,9,10,NA,2.74975,2.5443165,NA,0.80968726,-0.8097807,NA,NA,NA,NA,NA,NA,NA,0.2,0.3,0.3,0.2,0.3,NA,NA,NA,NA,NA,NA,NA,10,1000,0.95,"replext_t2_c1.1","20240729143147_grCuy"
NA,19,17,NA,9.6,11.6,NA,1.9160429,2.9613807,NA,0.20799308,0.049998786,NA,NA,NA,NA,NA,NA,NA,0.6,0.6,0.6,0.7,0.6,NA,NA,NA,NA,NA,NA,NA,10,1000,0.95,"replext_t2_c1.1","20240729143230_Zs358"
NA,9,10,NA,5.6,11.6,NA,2.8378341,3.4570057,NA,0.58312815,0.043331515,NA,NA,NA,NA,NA,NA,NA,0.9,0.9,0.9,0.9,0.9,NA,NA,NA,NA,NA,NA,NA,10,1000,0.95,"replext_t2_c1.1","20240729143257_mVKNh"
NA,8.8,20.8,NA,9.12,11.12,NA,2.1934636,2.4258697,NA,0.6547442,0.088861786,NA,NA,NA,NA,NA,NA,NA,0.4,0.3,0.4,0.3,0.3,NA,NA,NA,NA,NA,NA,NA,10,1000,0.95,"replext_t2_c1.1","20240729143339_88kRR"
NA,22.8,17.8,NA,4.12,6.12,NA,3.0831509,2.5236416,NA,0.9243633,0.08063062,NA,NA,NA,NA,NA,NA,NA,0.5,0.5,0.5,0.5,0.5,NA,NA,NA,NA,NA,NA,NA,10,1000,0.95,"replext_t2_c1.1","20240729143404_MrkgC"
NA,14,19,NA,6,8,NA,2.9373894,2.595415,NA,0.5704085,-0.73431504,NA,NA,NA,NA,NA,NA,NA,0.6,0.4,0.4,0.2,0.4,NA,NA,NA,NA,NA,NA,NA,10,1000,0.95,"replext_t2_c1.1","20240729144328_QCysL"
NA,20,13,NA,7,11,NA,2.3485956,2.7416008,NA,0.41232094,-0.18985479,NA,NA,NA,NA,NA,NA,NA,1,1,1,1,1,NA,NA,NA,NA,NA,NA,NA,10,1000,0.95,"replext_t2_c1.1","20240729144354_AmyvO"
NA,12,21,NA,4.6,7.6,NA,2.0146308,2.9493976,NA,0.4547085,0.0048251874,NA,NA,NA,NA,NA,NA,NA,0.9,0.9,1,1,0.9,NA,NA,NA,NA,NA,NA,NA,10,1000,0.95,"replext_t2_c1.1","20240729144438_lX7s4"
NA,16,12,NA,7.6,9.6,NA,2.6620677,2.915125,NA,0.13004287,0.024734322,NA,NA,NA,NA,NA,NA,NA,0.2,0.2,0.2,0.3,0.2,NA,NA,NA,NA,NA,NA,NA,10,1000,0.95,"replext_t2_c1.1","20240729144504_pS48y"
NA,11.8,12.8,NA,10.12,12.12,NA,2.0649378,3.446152,NA,0.27335942,0.05935509,NA,NA,NA,NA,NA,NA,NA,0.4,0.4,0.4,0.3,0.4,NA,NA,NA,NA,NA,NA,NA,10,1000,0.95,"replext_t2_c1.1","20240729144547_PVwGj"
NA,13.8,9.8,NA,10.12,8.12,NA,2.2598526,3.2699535,NA,0.78196573,0.059256613,NA,NA,NA,NA,NA,NA,NA,0.4,0.2,0.3,0.3,0.2,NA,NA,NA,NA,NA,NA,NA,10,1000,0.95,"replext_t2_c1.1","20240729144614_MgOfX"
NA,21.36,14.36,NA,5.544,8.544,NA,1.9101881,3.5325508,NA,0.5840259,0.016142255,NA,NA,NA,NA,NA,NA,NA,0.8,0.6,0.6,0.9,0.6,NA,NA,NA,NA,NA,NA,NA,10,1000,0.95,"replext_t2_c1.1","20240729144657_XvuFX"
NA,14,16,NA,7,10,NA,2.2959483,2.7484143,NA,0.89083,-0.052909475,NA,NA,NA,NA,NA,NA,NA,0.9,0.9,0.9,0.8,0.9,NA,NA,NA,NA,NA,NA,NA,10,1000,0.95,"replext_t2_c1.1","20240729144830_ZZ3Ab"
NA,17,11,NA,5,7,NA,2.5199697,3.4443948,NA,0.87718046,-0.030325066,NA,NA,NA,NA,NA,NA,NA,0.4,0.4,0.4,0.3,0.4,NA,NA,NA,NA,NA,NA,NA,10,1000,0.95,"replext_t2_c1.1","20240729144856_L4bVF"
NA,17,15,NA,9.6,6.6,NA,3.0452814,2.9330513,NA,0.4822757,0.034997564,NA,NA,NA,NA,NA,NA,NA,0.8,0.8,0.8,0.8,0.8,NA,NA,NA,NA,NA,NA,NA,10,1000,0.95,"replext_t2_c1.1","20240729144939_3bzOX"
NA,17,18,NA,6,8,NA,2.7879088,2.977368,NA,0.1646574,-0.4664159,NA,NA,NA,NA,NA,NA,NA,0.5,0.5,0.5,0.4,0.5,NA,NA,NA,NA,NA,NA,NA,10,1000,0.95,"replext_t2_c1.1","20240729145626_oXihU"
NA,14,10,NA,5,11,NA,2.630672,2.5083997,NA,0.98686314,-0.5178341,NA,NA,NA,NA,NA,NA,NA,1,1,1,1,1,NA,NA,NA,NA,NA,NA,NA,10,1000,0.95,"replext_t2_c1.1","20240729145652_Cg3el"
NA,17,17,NA,4.6,7.6,NA,2.1648517,3.2379146,NA,0.3910375,0.039917704,NA,NA,NA,NA,NA,NA,NA,0.8,0.7,0.7,0.7,0.7,NA,NA,NA,NA,NA,NA,NA,10,1000,0.95,"replext_t2_c1.1","20240729145735_PZz5m"
NA,11,20,NA,9.6,8.6,NA,2.066098,3.3387887,NA,0.7005715,0.012460618,NA,NA,NA,NA,NA,NA,NA,0.1,0.1,0.2,0.2,0.1,NA,NA,NA,NA,NA,NA,NA,10,1000,0.95,"replext_t2_c1.1","20240729145801_Y1pAQ"
NA,9.8,10.8,NA,5.12,6.12,NA,2.9917717,2.4302762,NA,0.8239736,0.058215473,NA,NA,NA,NA,NA,NA,NA,0.1,0.1,0,0,0.1,NA,NA,NA,NA,NA,NA,NA,10,1000,0.95,"replext_t2_c1.1","20240729145843_YnLRZ"
NA,20.8,17.8,NA,6.12,6.12,NA,2.4078012,3.1771479,NA,0.9230389,0.009748789,NA,NA,NA,NA,NA,NA,NA,0,0,0,0,0,NA,NA,NA,NA,NA,NA,NA,10,1000,0.95,"replext_t2_c1.1","20240729145908_Ky9r2"
NA,10,17,NA,9,9,NA,2.9702373,2.8598604,NA,0.8356743,-0.44225526,NA,NA,NA,NA,NA,NA,NA,0,0,0,0,0,NA,NA,NA,NA,NA,NA,NA,10,1000,0.95,"replext_t2_c1.1","20240729151022_F6Az3"
NA,17,17,NA,7,11,NA,2.008944,2.725403,NA,0.24156772,-0.7697711,NA,NA,NA,NA,NA,NA,NA,1,1,1,1,1,NA,NA,NA,NA,NA,NA,NA,10,1000,0.95,"replext_t2_c1.1","20240729151047_jjVS2"
NA,12,14,NA,7.6,6.6,NA,2.9233212,3.2339332,NA,0.31165627,0.05371695,NA,NA,NA,NA,NA,NA,NA,0,0,0,0,0,NA,NA,NA,NA,NA,NA,NA,10,1000,0.95,"replext_t2_c1.1","20240729151130_TXysW"
NA,15,15,NA,8.6,8.6,NA,2.4700053,2.5950375,NA,0.31846038,0.0056607774,NA,NA,NA,NA,NA,NA,NA,0.2,0.2,0.2,0.2,0.2,NA,NA,NA,NA,NA,NA,NA,10,1000,0.95,"replext_t2_c1.1","20240729151155_eYh6C"
NA,10.8,8.8,NA,5.12,11.12,NA,2.5697482,3.380004,NA,0.10933118,0.03789946,NA,NA,NA,NA,NA,NA,NA,1,1,1,1,1,NA,NA,NA,NA,NA,NA,NA,10,1000,0.95,"replext_t2_c1.1","20240729151237_carzB"
NA,12.8,16.8,NA,6.12,9.12,NA,2.655566,3.0364683,NA,0.8727258,0.079999186,NA,NA,NA,NA,NA,NA,NA,0.9,1,1,1,1,NA,NA,NA,NA,NA,NA,NA,10,1000,0.95,"replext_t2_c1.1","20240729151303_ZJHbC"
NA,16,16,NA,6,7,NA,2.843892,3.3220422,NA,0.54981333,-0.65739405,NA,NA,NA,NA,NA,NA,NA,0,0,0,0,0,NA,NA,NA,NA,NA,NA,NA,10,1000,0.95,"replext_t2_c1.1","20240730140211_2Ew5V"
NA,18,18,NA,6,7,NA,2.470939,2.6847687,NA,0.91411746,-0.8908248,NA,NA,NA,NA,NA,NA,NA,0,0,0,0,0,NA,NA,NA,NA,NA,NA,NA,10,1000,0.95,"replext_t2_c1.1","20240730140238_bAUVd"
NA,16,19,NA,9.6,8.6,NA,2.181759,3.4298756,NA,0.3589413,0.021565422,NA,NA,NA,NA,NA,NA,NA,0.1,0.1,0.1,0.1,0.1,NA,NA,NA,NA,NA,NA,NA,10,1000,0.95,"replext_t2_c1.1","20240730140315_IrzEQ"
NA,9,17,NA,8.6,10.6,NA,2.6033828,2.7595353,NA,0.7738218,0.07464825,NA,NA,NA,NA,NA,NA,NA,0.3,0.2,0.2,0.4,0.2,NA,NA,NA,NA,NA,NA,NA,10,1000,0.95,"replext_t2_c1.1","20240730140341_VHHLL"
NA,12,11,NA,8,11,NA,2.8762882,3.1267068,NA,0.55473506,-0.18121612,NA,NA,NA,NA,NA,NA,NA,0.5,0.5,0.5,0.4,0.5,NA,NA,NA,NA,NA,NA,NA,10,1000,0.95,"replext_t2_c1.1","20240730142719_aTbfS"
NA,19,18,NA,7,11,NA,2.3223205,3.4528317,NA,0.32199183,-0.74823534,NA,NA,NA,NA,NA,NA,NA,1,1,1,0.9,1,NA,NA,NA,NA,NA,NA,NA,10,1000,0.95,"replext_t2_c1.1","20240730142747_jlTUN"
NA,15,16,NA,8,8,NA,2.3853526,2.5760686,NA,0.29300368,-0.49546757,NA,NA,NA,NA,NA,NA,NA,0,0,0,0,0,NA,NA,NA,NA,NA,NA,NA,10,1000,0.95,"replext_t2_c1.1","20240730144130_LC4ek"
NA,13,16,NA,5,9,NA,2.817019,3.1075523,NA,0.8448839,-0.029139431,NA,NA,NA,NA,NA,NA,NA,1,1,1,1,1,NA,NA,NA,NA,NA,NA,NA,10,1000,0.95,"replext_t2_c1.1","20240730144158_1VbZA"
NA,21,18,NA,8.6,10.6,NA,2.897502,2.700726,NA,1.0583516,0.09824081,NA,NA,NA,NA,NA,NA,NA,0.4,0.4,0.4,0.5,0.4,NA,NA,NA,NA,NA,NA,NA,10,1000,0.95,"replext_t2_c1.1","20240730144245_8oVjR"
NA,10,21,NA,7.6,9.6,NA,2.2221205,3.1041982,NA,0.46580067,0.06259147,NA,NA,NA,NA,NA,NA,NA,0.5,0.6,0.6,0.6,0.6,NA,NA,NA,NA,NA,NA,NA,10,1000,0.95,"replext_t2_c1.1","20240730144312_FVRGw"
NA,15.8,15.8,NA,4.12,6.12,NA,3.1281269,3.662682,NA,0.25750345,0.046533912,NA,NA,NA,NA,NA,NA,NA,0.2,0.2,0.3,0,0.2,NA,NA,NA,NA,NA,NA,NA,10,1000,0.95,"replext_t2_c1.1","20240730144357_3rop3"
NA,19.8,14.8,NA,7.12,12.12,NA,2.0484998,3.1067193,NA,0.8321673,0.09802328,NA,NA,NA,NA,NA,NA,NA,1,1,1,1,1,NA,NA,NA,NA,NA,NA,NA,10,1000,0.95,"replext_t2_c1.1","20240730144426_gUYfb"
NA,17.36,21.36,NA,10.544,7.544,NA,2.0649748,2.5303526,NA,1.1106606,0.075268686,NA,NA,NA,NA,NA,NA,NA,1,1,1,0.8,1,NA,NA,NA,NA,NA,NA,NA,10,1000,0.95,"replext_t2_c1.1","20240730144511_USZku"
NA,6.36,8.36,NA,6.544,9.544,NA,2.327768,3.2854207,NA,0.7752579,0.021124149,NA,NA,NA,NA,NA,NA,NA,0.4,0.4,0.5,0.4,0.4,NA,NA,NA,NA,NA,NA,NA,10,1000,0.95,"replext_t2_c1.1","20240730144539_tRJNo"
NA,22.632,20.632,NA,8.8528,6.8528,NA,2.5631356,2.582273,NA,0.6184785,0.025783623,NA,NA,NA,NA,NA,NA,NA,0.4,0.4,0.5,0.5,0.4,NA,NA,NA,NA,NA,NA,NA,10,1000,0.95,"replext_t2_c1.1","20240730144625_0iWQM"
NA,19.632,21.632,NA,4.8528,9.8528,NA,2.8559134,3.7111382,NA,1.1850002,0.022596104,NA,NA,NA,NA,NA,NA,NA,1,1,1,1,1,NA,NA,NA,NA,NA,NA,NA,10,1000,0.95,"replext_t2_c1.1","20240730144653_Nyo5P"
NA,17,16,NA,5,9,NA,2.1592958,3.1565123,NA,0.19796528,-0.14512607,NA,NA,NA,NA,NA,NA,NA,1,1,1,1,1,NA,NA,NA,NA,NA,NA,NA,10,1000,0.95,"replext_t2_c1.1","20240730145454_b9Loe"
NA,15,19,NA,6,10,NA,2.6304042,3.4925141,NA,0.19896173,-0.4936907,NA,NA,NA,NA,NA,NA,NA,1,1,1,0.8,1,NA,NA,NA,NA,NA,NA,NA,10,1000,0.95,"replext_t2_c1.1","20240730145522_aN5XY"
NA,14,16,NA,8.6,8.6,NA,1.9202098,3.508402,NA,0.8254215,0.052645225,NA,NA,NA,NA,NA,NA,NA,0,0,0,0.1,0,NA,NA,NA,NA,NA,NA,NA,10,1000,0.95,"replext_t2_c1.1","20240730145607_lKqTk"
NA,12,15,NA,6.6,6.6,NA,2.635411,2.681792,NA,0.69455487,0.07800205,NA,NA,NA,NA,NA,NA,NA,0,0,0,0,0,NA,NA,NA,NA,NA,NA,NA,10,1000,0.95,"replext_t2_c1.1","20240730145635_30T27"
NA,8.8,11.8,NA,8.12,9.12,NA,2.9468307,2.3651748,NA,0.4907794,0.03886161,NA,NA,NA,NA,NA,NA,NA,0,0,0,0,0,NA,NA,NA,NA,NA,NA,NA,10,1000,0.95,"replext_t2_c1.1","20240730145721_tTXUf"
NA,19.8,10.8,NA,5.12,6.12,NA,2.88296,3.0810106,NA,0.6310844,0.02635466,NA,NA,NA,NA,NA,NA,NA,0.2,0.2,0.2,0.2,0.2,NA,NA,NA,NA,NA,NA,NA,10,1000,0.95,"replext_t2_c1.1","20240730145748_UL1h4"
NA,6.36,10.36,NA,9.544,9.544,NA,2.9763918,2.470263,NA,0.7077654,0.095158026,NA,NA,NA,NA,NA,NA,NA,0,0.1,0.1,0,0.1,NA,NA,NA,NA,NA,NA,NA,10,1000,0.95,"replext_t2_c1.1","20240730145833_5YLn7"
NA,20.36,17.36,NA,7.544,12.544,NA,2.2599797,2.7166195,NA,0.2333996,0.09208557,NA,NA,NA,NA,NA,NA,NA,1,1,1,1,1,NA,NA,NA,NA,NA,NA,NA,10,1000,0.95,"replext_t2_c1.1","20240730145902_pxhjF"
NA,20,10,NA,7,10,NA,2.4577181,3.144873,NA,0.9491106,-0.17121035,NA,NA,NA,NA,NA,NA,NA,0.7,0.7,0.7,0.7,0.7,NA,NA,NA,NA,NA,NA,NA,10,1000,0.95,"replext_t2_c1.1","20240730150547_QpjLQ"
NA,18,17,NA,7,8,NA,2.5353365,3.1243527,NA,0.42780966,-0.05936694,NA,NA,NA,NA,NA,NA,NA,0,0,0,0,0,NA,NA,NA,NA,NA,NA,NA,10,1000,0.95,"replext_t2_c1.1","20240730150616_BcYIm"
NA,12,11,NA,4.6,6.6,NA,2.3327823,3.5163698,NA,0.14850116,0.013952994,NA,NA,NA,NA,NA,NA,NA,0.4,0.4,0.4,0.5,0.4,NA,NA,NA,NA,NA,NA,NA,10,1000,0.95,"replext_t2_c1.1","20240730150701_yMYNu"
NA,13,17,NA,9.6,9.6,NA,2.001736,3.567307,NA,0.121522374,0.014795015,NA,NA,NA,NA,NA,NA,NA,0,0,0,0,0,NA,NA,NA,NA,NA,NA,NA,10,1000,0.95,"replext_t2_c1.1","20240730150730_p2ioA"
NA,11,12,NA,8,7,NA,2.2887175,2.4850807,NA,-0.68400496,-0.22281308,NA,NA,NA,NA,NA,NA,NA,0.2,0.2,0.2,0.2,0.2,NA,NA,NA,NA,NA,NA,NA,10,1000,0.95,"replext_t2_c1.1","20240730152106_HhuiE"
NA,10,6,NA,9,4,NA,2.305271,1.9494134,NA,0.42177644,0.6326676,NA,NA,NA,NA,NA,NA,NA,1,1,1,1,1,NA,NA,NA,NA,NA,NA,NA,10,1000,0.95,"replext_t2_c1.1","20240730152134_G2XiK"
NA,7.3,10.3,NA,4.6,5.4,NA,2.7631235,2.1157348,NA,0.15752609,0.742493,NA,NA,NA,NA,NA,NA,NA,0,0,0,0,0,NA,NA,NA,NA,NA,NA,NA,10,1000,0.95,"replext_t2_c1.1","20240730152219_gCdBE"
NA,11.3,9.3,NA,5.6,4.4,NA,2.631048,2.6011739,NA,0.47486496,0.76189774,NA,NA,NA,NA,NA,NA,NA,0.2,0.1,0.1,0.1,0.1,NA,NA,NA,NA,NA,NA,NA,10,1000,0.95,"replext_t2_c1.1","20240730152247_6TEtk"
NA,4.46,11.46,NA,9.12,6.68,NA,2.3390071,1.1231381,NA,0.345713,0.29279634,NA,NA,NA,NA,NA,NA,NA,0.8,0.3,0.4,0.3,0.3,NA,NA,NA,NA,NA,NA,NA,10,1000,0.95,"replext_t2_c1.1","20240730152332_A2SNk"
NA,6.46,10.46,NA,5.12,4.68,NA,2.6016674,3.59987,NA,0.08450249,1.2429179,NA,NA,NA,NA,NA,NA,NA,0.1,0.1,0.1,0.1,0.1,NA,NA,NA,NA,NA,NA,NA,10,1000,0.95,"replext_t2_c1.1","20240730152400_LomvZ"
